,Address,Name,Store,Zip
0,4200 San Jacinto St,Fiesta Mart,fiesta,77004
1,1020 Quitman St,Fiesta Mart,fiesta,77009
2,5800 Lyons Ave,Fiesta Mart,fiesta,77020
3,800 S Wayside Dr,Fiesta Mart,fiesta,77023
4,4114 Fulton St,Fiesta Mart,fiesta,77009
5,2300 N Shepherd Dr,Fiesta Mart Inc,fiesta,77008
6,8130 Kirby Dr,Fiesta Mart,fiesta,77054
7,10401 Jensen Dr,Fiesta Mart,fiesta,77093
8,4711 Airline Dr,Fiesta Mart,fiesta,77022
9,7510 Bellfort St,Fiesta Mart,fiesta,77061
10,9420 Cullen Blvd,Fiesta Mart,fiesta,77051
11,5815 Lockwood Dr,Fiesta Mart,fiesta,77026
12,5235 Katy Fwy,"Fiesta Mart, Inc.",fiesta,77007
13,5600 Mykawa Rd,"Fiesta Mart, Inc. #5",fiesta,77033
14,12311 Main St,Fiesta Beverage Marts,fiesta,77035
15,11006 Airline Dr,Fiesta Mart,fiesta,77037
16,12201 East Fwy,Fiesta Mart,fiesta,77015
17,6200 Bellaire Blvd,Fiesta Mart,fiesta,77081
18,2323 Wirt Rd,Fiesta Mart Inc,fiesta,77055
19,8650 Birdwood Rd,Fiesta Mart,fiesta,77074
20,1175 Edgebrook Dr,"Fiesta Mart, Inc. #31",fiesta,77034
21,12355 Main St,Fiesta Mart,fiesta,77035
22,9419 Mesa Dr,Fiesta Mart,fiesta,77028
23,8710 Bellaire Blvd,Fiesta Mart,fiesta,77036
24,8650 S Braeswood Blvd,Fiesta Mart,fiesta,77031
25,1728 W Mount Houston Rd,Fiesta Mart Inc,fiesta,77038
26,11240 Fondren Rd,Fiesta Mart,fiesta,77096
27,14315 Bellaire Blvd,Fiesta Mart,fiesta,77083
28,8320 Cypress Creek Pkwy,Fiesta Mart,fiesta,77070
29,12584 Westheimer Rd,Fiesta Mart,fiesta,77077
0,9419 Mesa Dr,Fiesta Mart,fiesta,77028
1,12201 East Fwy,Fiesta Mart,fiesta,77015
2,10401 Jensen Dr,Fiesta Mart,fiesta,77093
3,5815 Lockwood Dr,Fiesta Mart,fiesta,77026
4,11006 Airline Dr,Fiesta Mart,fiesta,77037
5,5800 Lyons Ave,Fiesta Mart,fiesta,77020
6,4711 Airline Dr,Fiesta Mart,fiesta,77022
7,1728 W Mount Houston Rd,Fiesta Mart Inc,fiesta,77038
8,4114 Fulton St,Fiesta Mart,fiesta,77009
9,1020 Quitman St,Fiesta Mart,fiesta,77009
10,800 S Wayside Dr,Fiesta Mart,fiesta,77023
11,2300 N Shepherd Dr,Fiesta Mart Inc,fiesta,77008
12,1603 Spencer Hwy,Fiesta Mart,fiesta,77587
13,5235 Katy Fwy,"Fiesta Mart, Inc.",fiesta,77007
14,4200 San Jacinto St,Fiesta Mart,fiesta,77004
15,5600 Mykawa Rd,"Fiesta Mart, Inc. #5",fiesta,77033
16,7510 Bellfort St,Fiesta Mart,fiesta,77061
17,2323 Wirt Rd,Fiesta Mart Inc,fiesta,77055
18,1175 Edgebrook Dr,"Fiesta Mart, Inc. #31",fiesta,77034
19,8320 Cypress Creek Pkwy,Fiesta Mart,fiesta,77070
20,210 E Davis St,Fiesta Mart,fiesta,77301
21,9420 Cullen Blvd,Fiesta Mart,fiesta,77051
22,8130 Kirby Dr,Fiesta Mart,fiesta,77054
23,1649 Gessner Rd,Fiesta Dollar Mart,fiesta,77080
24,6200 Bellaire Blvd,Fiesta Mart,fiesta,77081
25,12311 Main St,Fiesta Beverage Marts,fiesta,77035
26,12355 Main St,Fiesta Mart,fiesta,77035
27,8710 Bellaire Blvd,Fiesta Mart,fiesta,77036
28,8650 Birdwood Rd,Fiesta Mart,fiesta,77074
29,11240 Fondren Rd,Fiesta Mart,fiesta,77096
0,9419 Mesa Dr,Fiesta Mart,fiesta,77028
1,12201 East Fwy,Fiesta Mart,fiesta,77015
2,10401 Jensen Dr,Fiesta Mart,fiesta,77093
3,5815 Lockwood Dr,Fiesta Mart,fiesta,77026
4,11006 Airline Dr,Fiesta Mart,fiesta,77037
5,5800 Lyons Ave,Fiesta Mart,fiesta,77020
6,4711 Airline Dr,Fiesta Mart,fiesta,77022
7,1728 W Mount Houston Rd,Fiesta Mart Inc,fiesta,77038
8,4114 Fulton St,Fiesta Mart,fiesta,77009
9,1020 Quitman St,Fiesta Mart,fiesta,77009
10,800 S Wayside Dr,Fiesta Mart,fiesta,77023
11,2300 N Shepherd Dr,Fiesta Mart Inc,fiesta,77008
12,1603 Spencer Hwy,Fiesta Mart,fiesta,77587
13,5235 Katy Fwy,"Fiesta Mart, Inc.",fiesta,77007
14,4200 San Jacinto St,Fiesta Mart,fiesta,77004
15,5600 Mykawa Rd,"Fiesta Mart, Inc. #5",fiesta,77033
16,7510 Bellfort St,Fiesta Mart,fiesta,77061
17,2323 Wirt Rd,Fiesta Mart Inc,fiesta,77055
18,1175 Edgebrook Dr,"Fiesta Mart, Inc. #31",fiesta,77034
19,8320 Cypress Creek Pkwy,Fiesta Mart,fiesta,77070
20,210 E Davis St,Fiesta Mart,fiesta,77301
21,9420 Cullen Blvd,Fiesta Mart,fiesta,77051
22,8130 Kirby Dr,Fiesta Mart,fiesta,77054
23,1649 Gessner Rd,Fiesta Dollar Mart,fiesta,77080
24,6200 Bellaire Blvd,Fiesta Mart,fiesta,77081
25,12311 Main St,Fiesta Beverage Marts,fiesta,77035
26,12355 Main St,Fiesta Mart,fiesta,77035
27,8710 Bellaire Blvd,Fiesta Mart,fiesta,77036
28,8650 Birdwood Rd,Fiesta Mart,fiesta,77074
29,11240 Fondren Rd,Fiesta Mart,fiesta,77096
0,2300 N Shepherd Dr,Fiesta Mart Inc,fiesta,77008
1,1407 Studewood St,Fiesta Mart Inc-- Store No 33 - CLOSED,fiesta,77008
2,4711 Airline Dr,Fiesta Mart,fiesta,77022
3,1020 Quitman St,Fiesta Mart,fiesta,77009
4,4114 Fulton St,Fiesta Mart,fiesta,77009
5,8130 Kirby Dr,Fiesta Mart,fiesta,77054
6,10401 Jensen Dr,Fiesta Mart,fiesta,77093
7,11006 Airline Dr,Fiesta Mart,fiesta,77037
8,2323 Wirt Rd,Fiesta Mart Inc,fiesta,77055
9,5800 Lyons Ave,Fiesta Mart,fiesta,77020
10,4200 San Jacinto St,Fiesta Mart,fiesta,77004
11,800 S Wayside Dr,Fiesta Mart,fiesta,77023
12,5815 Lockwood Dr,Fiesta Mart,fiesta,77026
13,1728 W Mount Houston Rd,Fiesta Mart Inc,fiesta,77038
14,5235 Katy Fwy,"Fiesta Mart, Inc.",fiesta,77007
15,12311 Main St,Fiesta Beverage Marts,fiesta,77035
16,6200 Bellaire Blvd,Fiesta Mart,fiesta,77081
17,8650 Birdwood Rd,Fiesta Mart,fiesta,77074
18,7510 Bellfort St,Fiesta Mart,fiesta,77061
19,12355 Main St,Fiesta Mart,fiesta,77035
20,9419 Mesa Dr,Fiesta Mart,fiesta,77028
21,9420 Cullen Blvd,Fiesta Mart,fiesta,77051
22,8710 Bellaire Blvd,Fiesta Mart,fiesta,77036
23,8650 S Braeswood Blvd,Fiesta Mart,fiesta,77031
24,5600 Mykawa Rd,"Fiesta Mart, Inc. #5",fiesta,77033
25,11240 Fondren Rd,Fiesta Mart,fiesta,77096
26,14315 Bellaire Blvd,Fiesta Mart,fiesta,77083
27,12201 East Fwy,Fiesta Mart,fiesta,77015
28,8320 Cypress Creek Pkwy,Fiesta Mart,fiesta,77070
29,12584 Westheimer Rd,Fiesta Mart,fiesta,77077
0,9419 Mesa Dr,Fiesta Mart,fiesta,77028
1,12201 East Fwy,Fiesta Mart,fiesta,77015
2,10401 Jensen Dr,Fiesta Mart,fiesta,77093
3,5815 Lockwood Dr,Fiesta Mart,fiesta,77026
4,11006 Airline Dr,Fiesta Mart,fiesta,77037
5,5800 Lyons Ave,Fiesta Mart,fiesta,77020
6,4711 Airline Dr,Fiesta Mart,fiesta,77022
7,1728 W Mount Houston Rd,Fiesta Mart Inc,fiesta,77038
8,4114 Fulton St,Fiesta Mart,fiesta,77009
9,1020 Quitman St,Fiesta Mart,fiesta,77009
10,800 S Wayside Dr,Fiesta Mart,fiesta,77023
11,2300 N Shepherd Dr,Fiesta Mart Inc,fiesta,77008
12,1603 Spencer Hwy,Fiesta Mart,fiesta,77587
13,5235 Katy Fwy,"Fiesta Mart, Inc.",fiesta,77007
14,4200 San Jacinto St,Fiesta Mart,fiesta,77004
15,5600 Mykawa Rd,"Fiesta Mart, Inc. #5",fiesta,77033
16,7510 Bellfort St,Fiesta Mart,fiesta,77061
17,2323 Wirt Rd,Fiesta Mart Inc,fiesta,77055
18,1175 Edgebrook Dr,"Fiesta Mart, Inc. #31",fiesta,77034
19,8320 Cypress Creek Pkwy,Fiesta Mart,fiesta,77070
20,210 E Davis St,Fiesta Mart,fiesta,77301
21,9420 Cullen Blvd,Fiesta Mart,fiesta,77051
22,8130 Kirby Dr,Fiesta Mart,fiesta,77054
23,1649 Gessner Rd,Fiesta Dollar Mart,fiesta,77080
24,6200 Bellaire Blvd,Fiesta Mart,fiesta,77081
25,12311 Main St,Fiesta Beverage Marts,fiesta,77035
26,12355 Main St,Fiesta Mart,fiesta,77035
27,8710 Bellaire Blvd,Fiesta Mart,fiesta,77036
28,8650 Birdwood Rd,Fiesta Mart,fiesta,77074
29,11240 Fondren Rd,Fiesta Mart,fiesta,77096
